text,label
"Odprawa w Rządowym Centrum Bezpieczeństwa po serii prowokacji i fałszywych alarmów 24.05.2026 Premier Donald Tusk wziął udział w odprawie z ministrami i przedstawicielami służb w sprawie kolejnych prowokacji wymierzonych w bezpieczeństwo państwa. Tym razem straż pożarna otrzymała fałszywe zgłoszenie o pożarze w gdańskim mieszkaniu należącym do członka rodziny Prezydenta Karola Nawrockiego. „Wszystkie służby powinny dołożyć maksymalnych wysiłków, aby zidentyfikować osoby odpowiedzialne za te działania i jak najszybciej doprowadzić do ich zatrzymania” - powiedział Prezes Rady Ministrów. W tej sprawie państwo będzie reagować zdecydowanie, a sprawcy prowokacji poniosą konsekwencje. Szef rządu zaapelował również o nieatakowanie straży pożarnej ani policji, podkreślając, że funkcjonariusze wykonują swoje obowiązki zgodnie z przepisami, a całą sprawę należy wyłączyć z kontekstu politycznego. Wczoraj wieczorem, po fałszywym alarmie, straż pożarna była zmuszona siłowo wejść do mieszkania w Gdańsku należącego do członka rodziny Prezydenta. Ostatnio mamy do czynienia z kilkoma spektakularnymi prowokacjami polegającymi na zgłoszeniach do straży pożarnej i policji dotyczącymi pożaru czy zagrożenia życia – wyjaśnił Donald Tusk podczas odprawy w Rządowym Centrum Bezpieczeństwa. Wszystkie służby mają dołożyć wszelkich starań, aby zidentyfikować osoby odpowiedzialne za te działania i jak najszybciej doprowadzić do ich zatrzymania. Ostatnie zdarzenie jest szczególnie niepokojące z punktu widzenia bezpieczeństwa państwa. Choć nie chodzi o mieszkanie Karola Nawrockiego, lecz członka jego rodziny, prowokacja ma wyjątkowo groźny charakter. Uderza także w poczucie stabilności i bezpieczeństwa państwa. Wczoraj w nocy byłem w bezpośrednim kontakcie z Prezydentem – poinformował Premier. Szef rządu zaapelował również, aby w związku z prowokacjami nie atakować straży pożarnej ani policji, podkreślając, że funkcjonariusze wykonują swoje obowiązki zgodnie z przepisami. Straż pożarna i policja nie mogą ryzykować, że zginie dziecko czy spłonie mieszkanie. Muszą reagować natychmiast i nie mają czasu ani narzędzi, aby w danej chwili ocenić, czy alarm jest fałszywy. Dla nich zawsze priorytetem jest szybkie podjęcie akcji – wyjaśnił Prezes Rady Ministrów. Szef rządu zwrócił się do służb z prośbą, aby wszystkie nieobjęte tajemnicą informacje o działaniach państwa w sprawach dotyczących prowokacji były na bieżąco przekazywane społeczeństwu. Chodzi o to, aby możliwie szybko ograniczyć falę spekulacji i nieuzasadnionych przypuszczeń. Zwracam się również do najbardziej aktywnych uczestników debaty, aby powstrzymali się od szukania politycznego kontekstu i nie włączali tych spraw w bieżącą walkę partyjną – zaapelował szef rządu. Premier nakazał także sprawdzenie procedur oraz weryfikację sankcji za fałszywe zgłoszenia, aby zwiększyć odporność służb ratunkowych na takie przestępstwa oraz skuteczność ścigania sprawców. W odprawie w Rządowym Centrum Bezpieczeństwa uczestniczyli Wicepremierzy Władysław Kosiniak-Kamysz i Krzysztof Gawkowski, Ministrowie Marcin Kierwiński, Jan Grabiec i Tomasz Siemoniak, a także szefowie służb podległych MSWiA oraz Ministrowi Koordynatorowi Służb Specjalnych.",1
"Współpraca Polski i Kanady oparta na bezpieczeństwie, inwestycjach i nowoczesnych technologiach 26.05.2026 Polska i Kanada mają dziś wspólne sprawy. Na Łotwie polscy i kanadyjscy żołnierze służą w ramach dowództwa NATO, wzmacniając wschodnią flankę Sojuszu. W gospodarce rośnie wymiana handlowa. Polska eksportuje do Kanady coraz więcej produktów wysokiej jakości od przemysłu i maszyn po technologie i sektor IT, utrzymując wyraźną nadwyżkę handlową. Nasza relacja oparta jest na bezpieczeństwie, inwestycjach i nowoczesnych technologiach, z wymiernymi korzyściami dla obu stron - mówił podczas wizyty w Kanadzie wicepremier W. Kosiniak-Kamysz. 26 maja, w drugim dniu wizyty w Kanadzie, szef MON wziął udział w Polsko-Kanadyjskim Forum Przemysłu Obronnego, które było platformę dialogu pomiędzy przedstawicielami rządów, sił zbrojnych oraz przemysłu obronnego. Polska i Kanada zwiększają wydatki na obronność. Tworzy to szeroką przestrzeń dla współpracy przemysłowej. W następstwie porozumienia między Unią Europejską a Kanadą, które określiło warunki udziału kanadyjskich podmiotów i produktów w zamówieniach realizowanych w ramach programu SAFE, możliwy jest udział Kanady w polskich projektach inwestycyjnych, w tym we wspólnych zakupach uzbrojenia i sprzętu wojskowego – mówił szef MON. Współpraca między Polską a Kanadą obejmuje również udział Kanady w mechanizmie SAFE. Polska była kluczowym krajem, który przekonywał pozostałych partnerów do tego, aby Kanada, jako państwo spoza Unii Europejskiej, dołączyła do tego mechanizmu. Polska pełni rolę lidera projektu SAFE i wyznacza kierunki jego realizacji. Warto podkreślić, że Kanada jest pierwszym i jak dotąd jedynym krajem spoza Unii Europejskiej, który przystąpił do mechanizmu SAFE. Jesteśmy tutaj również po to, aby realizować projekty wspólnych zakupów - mówiła Magdalena Sobkowiak-Czarnecka, pełnomocnik Rządu do spraw Instrumentu na rzecz Zwiększenia Bezpieczeństwa Europy. Ważnym punktem wizyty w Kanadzie było także spotkanie wicepremiera Kosiniaka-Kamysza z ministrem obrony Davidem J. McGuinty. Polska i Kanada podpisały kolejne porozumienie, które umożliwi zwiększenie zdolności obronnych pomiędzy naszymi państwami. Będziemy sprzedawać najlepszy polski sprzęt do Kanady. Dla nas jesteście niezwykle ważnym partnerem. Dajecie nam siłę i moc. Relacje transatlantyckie to nie jest tylko i wyłącznie relacja polsko-amerykańska. Ta relacja polsko-kanadyjska dzisiaj nabiera nowego kształtu – poinformował wicepremier Kosiniak-Kamysz. Jak zaznaczył szef polskiego MON żołnierze polscy i kanadyjscy wezmą wkrótce udział w kolejnych wspólnych ćwiczeniach oraz będą rozwijać współpracę w obszarze cyberbezpeiczeństwa. Wśród tematów rozmów znalazła się współpraca w ramach NATO, wzmacnianie bezpieczeństwa transatlantyckiego, rozwój współpracy przemysłów obronnych oraz wspólne działania na rzecz wsparcia Ukrainy. Ministrowie rozmawiali także o zwiększaniu wydatków na obronność, modernizacji sił zbrojnych oraz możliwościach współpracy w ramach programu SAFE i przygotowań do szczytu NATO w Ankrze. >>> GALERIA - Drugi dzień wizyty szefa MON w Kanadzie Szef MON spotkał się także z Damą Orderu Wojennego Virtuti Militari płk w st. spocz. Ewą Ponińską-Konopacką - łączniczką w Powstaniu Warszawskim, odznaczoną Krzyżem Srebrnym Orderu Virtuti Militari. Na początku maja pani pułkownik obchodziła jubileusz 100 urodzin. W czasie powstania warszawskiego jako łączniczka „Ewa” służyła w plutonie łączności 228 zgrupowania „Żyrafa II” w II Obwodzie Armii Krajowej „Żywiciel” na Żoliborzu. 29 września 1944, podczas niemieckiego natarcia na klasztor Sióstr Zmartwychwstanek na Żoliborzu, zgłosiła się do utrzymania łączności z odciętym klasztorem. Wielokrotnie przedostawała się pod ostrzałem, dostarczając meldunki, amunicję i granaty. Za odwagę została odznaczona Orderem Virtuti Militari. W trakcie pobytu w Ottawie wicepremier złożył wieniec przed Narodowym Pomnikiem Wojny w Ottawie, który symbolizuje wszystkich Kanadyjczyków, którzy służyli ojczyźnie w czasie wojny.",1
"Ruszają zapisy na szkolenia z ochrony ludności i obrony cywilnej. Partnerzy MSWiA przeszkolą ponad 100 tysięcy Polek i Polaków 27.05.2026 W czerwcu ruszają zapisy na Powszechne Warsztaty Ochrony Ludności, prowadzone przez partnerów MSWiA - Ochotnicze Straże Pożarne i Polski Czerwony Krzyż. Nawet 102 tysiące Polek i Polaków zdobędzie wiedzę o tym, jak reagować w trakcie nieprzewidzianych kryzysów i jak się do nich przygotować. Partnerzy MSWiA przeszkolili już blisko 200 tys. osób z ochrony ludności i obrony cywilnej. Jako że bezpieczeństwo zaczyna się w domu każdego z nas, szkolenia praktyczne z Poradnika Bezpieczeństwa to jeden z filarów budowania społeczeństwa świadomego zagrożeń. Warsztaty są prowadzone na podstawie przygotowanego przez MSWiA, MON i RCB Poradnika Bezpieczeństwa. Ta rządowa broszura została wysłana na początku roku do ponad 16 mln gospodarstw domowych. To będą szkolenia o tym, co jest podstawą Poradnika Bezpieczeństwa, czyli teoria połączona z działaniami praktycznymi. Zapisy na szkolenia będą możliwe poprzez formularz zgłoszeniowy. Każda z tych wyspecjalizowanych organizacji będzie informowała o szkoleniu i prowadziła zapisy - powiedziała wiceminister spraw wewnętrznych i administracji Magdalena Roguska. Podmiotami organizującymi kursy są Polski Czerwony Krzyż i Ochotnicze Straże Pożarne, a wkrótce mają do nich dołączyć inne wyspecjalizowane organizacje. Blisko 200 tys. przeszkolonych osób W 2025 roku w ramach Powszechnych Warsztatów i innych inicjatyw przeszkoliliśmy niemal 200 tys. osób. Akademia Pożarnicza w 2025 r. zorganizowała szkolenia dla 1400 osób na kierowniczych stanowiskach w administracji państwowej – m.in. ministrów, sekretarzy i podsekretarzy stanu, kierowników urzędów centralnych, wojewodów, marszałków województw i starostów. Powszechne Warsztaty Obrony Ludności to nie jedyna inicjatywa szkoleniowa prowadzona przez resort. W maju ruszyła Akademia Ochrony Ludności i Obrony Cywilnej, czyli program pod patronatem MSWiA i Państwowej Straży Pożarnej popularyzujący zagadnienia z Poradnika Bezpieczeństwa w różnych blokach tematycznych. W ramach Powszechnych Warsztatów Ochrony Ludności „Junior” docieramy do dzieci i młodzieży, współpracując ze Związkiem Harcerstwa Polskiego, Związkiem Harcerstwa Rzeczpospolitej, oraz Dziecięcymi i Młodzieżowymi Drużynami Pożarniczymi.",1
"Ważne wieści dla rodziców! Nawet 60 dni dodatkowego zasiłku opiekuńczego na chore dziecko 26.05.2026 Na konferencji prasowej zorganizowanej z okazji Dnia Matki ministra Agnieszka Dziemianowicz-Bąk poinformowała o ważnych zmianach dla rodziców. - Zgłosiliśmy do procesu legislacyjnego rządu projekt ustawy wydłużający o dodatkowe 60 dni zasiłek opiekuńczy dla rodziców dzieci chorych onkologicznie i przewlekle - ogłosiła szefowa MRPiPS. Łącznie będzie to nawet 120 dni zasiłku rocznie, czyli dwa razy więcej niż do tej pory. Obecnie rodzicom dzieci chorych onkologicznie i przewlekle przysługuje taki sam jak innym rodzicom limitowany okres zasiłku opiekuńczego. To maksymalnie 60 dni w roku w przypadku dzieci do 14. roku życia i 14 dni w przypadku starszych dzieci. Podczas konferencji prasowej zorganizowanej w Ministerstwie Rodziny, Pracy i Polityki Społecznej z okazji Dnia Matki ministra Agnieszka Dziemianowicz-Bąk zaznaczyła, że taki wymiar zasiłku może być wystarczający w przypadku zwykłych chorób jak przeziębienie czy grypa, a nie np. chorób onkologicznych. Ważna zmiana dla rodziców chorych dzieci Dlatego właśnie proponujemy – i zgłosiliśmy już odpowiedni projekt ustawy do procesu legislacyjnego rządu – wydłużenie tego okresu, zapewnienie rodzicom dzieci chorych onkologicznie i przewlekle dodatkowych 60 dni wolnych od pracy tak, by mogły te osoby, mamy, ojcowie, rodziny, sprawować opiekę nad ciężko chorym dzieckiem – poinformowała ministra Agnieszka Dziemianowicz-Bąk. Łącznie będzie to nawet 120 dni zasiłku rocznie, czyli dwa razy więcej niż do tej pory. Jak zaznaczyła, nie będzie przygotowana żadna lista chorób. To lekarze będą decydowali, czy zaistniały przesłanki choroby przewlekłej, przy której będzie przysługiwało dodatkowe 60 dni zasiłku opiekuńczego. Miejsce rodzica jest przy chorym dziecku Nie ma rzeczy ważniejszej dla chorego dziecka niż obecność kochającego rodzica, niż obecność bliskiej osoby, z którą dziecko może czuć się bezpiecznie - podkreśliła ministra Agnieszka Dziemianowicz-Bąk. Na konferencji obecna była także Olga Kołodziejska, mama Antosi, u której w 2024 roku zdiagnozowano nowotwór. Podzieliła się historią choroby i leczenia córki. Kiedy rodzic słyszy diagnozę nowotworu u swojego dziecka, świat zatrzymuje się w miejscu, nie liczy się nic w tej chwili. Wszystko przestaje mieć znaczenie – praca, plany, codzienne obowiązki. Liczy się tylko jedno – wygrać i być przy swoim dziecku. (…) obecność rodzica przy dziecku daje poczucie bezpieczeństwa, pomaga przejść przez ból, leczenie i długie hospitalizacje. Tymczasem obecny system wsparcia nie odpowiada rzeczywistości, z którą mierzą się te rodziny. Dziś rodzicowi przysługuje 60 dni zasiłku opiekuńczego, to zdecydowanie za mało. Po wykorzystaniu tego czasu, tych 60 dni, wielu rodziców staje przed wyborem – czy zostać przy swoim chorym dziecku i stracić stabilność finansową, albo wrócić do pracy kosztem opieki nad własnym dzieckiem. W takim momencie żaden rodzic nie powinien być zmuszany do podejmowania takiego wyboru - mówiła Olga Kołodziejska. Dodatkowy zasiłek opiekuńczy – dla kogo i na jakich zasadach? Procedura przejścia na dodatkowy zasiłek opiekuńczy będzie prosta, taka sama jak przy L4. Nie chcemy obciążać rodziców dodatkowymi badaniami, dodatkowymi wnioskami czy procedurami – to po prostu będzie standardowe zaświadczenie lekarskie. Musimy ufać medycynie, musimy ufać lekarzom i musimy ufać rodzicom - mówił podczas konferencji wiceminister Sebastian Gajewski. Oprócz standardowych 60 dni lub 14 dni w przypadku dzieci powyżej 14 roku życia, rodzice będą mieli do dyspozycji dodatkowe 60 dni zasiłku opiekuńczego. Po proponowanych zmianach, wprowadzanych w formie dodatkowego zasiłku opiekuńczego, z tych 14, 30 albo 60 dni robi się od 74 do 120 dni w roku - wskazał wiceminister Sebastian Gajewski. Dodatkowy zasiłek będzie przysługiwał na dzieci do 18 roku życia. Szacunkowy koszt tego rozwiązania to około 140 milionów złotych.",1
"27 maja odbyła się konferencja promująca 63. Krajowy Festiwal Polskiej Piosenki w Opolu. Na wydarzeniu nie zabrakło wielu gwiazd, które od 4 do 7 czerwca będą występowały na scenie Amfiteatru Tysiąclecia. Zobaczcie, jak prezentowały się na czerwonym dywanie. Na czerwonym dywanie z uśmiechem pozowała m.in. Anna Wyszkoni. Piosenkarka tego dnia zdecydowała się na białą, gorsetową bluzkę z charakterystyczną baskinką. To, co jednak zwracało uwagę, to dopasowane spodnie wokalistki, które wyglądały nieco jak legginsy. Te doskonale podkreśliły smukłą figurę piosenkarki. Całość uzupełniały czarne szpilki i nietuzinkowa biżuteria. Z tłumu wyróżniała się także Halina Mlynkova, która na ściance pozowała w komplecie przuminającym stylistyką sportowy dres. Uwagę fotoreporterów skradła również Natalia Kukulska, która na konferencji prezentowała się w klasycznej białej koszuli, którą zestawiła z czarną kamizelką oraz długą, ciemną spódnicą. Charakteru całej stylizacji nadawały ciężkie buty, połączone z białymi skarpetkami. Na czerwonym dywanie do zdjęć pozowali także m.in. Sebastian Fabijański, który postawił na czarną stylizację. Rapujący aktor miał na sobie luźną koszulę, którą zestawił z eleganckimi spodniami. Nietuzinkowa była również kreacja Natalii Przybysz. Piosenkarka doskonale wyglądała w białym kimonie. Ozdobą stylizacji był niebieski pas, który podkreślał jej talię oraz szerokie, zwiewne spodnie. Z kolei Katarzyna Żak postawiła na elegancję. W takiej stylizacji z powodzeniem mogłaby iść na premierę do teatru. Aktorka miała na sobie dopasowaną, bordową sukienkę, która się mieniła. A jak prezentowali się Majka Jeżowska, Doda, Olga Bończyk, Ralph Kaminski oraz inne gwiazdy? Ich zdjęcia również znajdziecie w naszej galerii. ZOBACZ TEŻ: Miał 25 lat, gdy zmarł tragicznie. ""Promiennego chłopca"" pochowali w garniturze, w którym miał wystąpić w Opolu",0
"Piotr Cyrwus zapisał się w pamięci polskich telewidzów za sprawą swojej roli Ryszarda Lubicza w ""Klanie"". Aktor wcielał się w nieporadnego taksówkarza w latach 1997-2012. Jego przygoda z serialem zakończyła się wraz z uśmierceniem bohatera. Sam Cyrwus nie krył, iż cieszył się, że główny scenarzysta i producent serii nie chcieli zatrzymać go w niej na siłę. W wywiadzie z 2024 roku postanowiła zdradzić też, ile zarabiał dzięki występom w ""Klanie"". Cyrwus opowiedział o kwestiach finansów w internetowym programie ""RAPtowne Rozmowy"". Odniósł się do tego tematu za sprawą spekulacji, iż produkcja zaproponowała mu podwyżkę, gdy poinformował, że chce odejść z serialu. - Dziękuję panu Pawłowi Karpińskiemu, że mnie wysłuchał. Moje bolączki... Przygotowywałem się do tej rozmowy dwa lata. I nie zachęcił mnie - tak jak w jednej gazecie napisali - czternastoma tysiącami - skomentował aktor, wyjawiając, ile dokładnie wówczas zarabiał. - Ja brałem jedenaście. Ale później jeden taksówkarz powiedział Jerzemu Treli, że te jedenaście tysięcy za miesiąc to jest za dużo. Pan Paweł Karpiński wysłuchał mnie i rozstaliśmy się w przyjaźni. Za to sobie cenię pana Pawła. Za to go szanuję - ujawnił Cyrwus. Przypomnijmy, że Cyrwus udzielił niedawno wywiadu Grzegorzowi Krychowiakowi, w którym także podniesiono temat jego roli Ryszarda Lubicza. Piłkarz odniósł się do wielu memów, które od lat są obecne w internecie, a dotyczą właśnie tego bohatera. Cyrwus zdaje sobie sprawę, że aktorzy nie zawsze mają na wszystko wpływ. - Ja nie byłem twórcą tego, bo jeżeli jestem twórcą, aktorem, no to nad czymś panuję. A jeżeli ktoś robi ze mnie, z mojej postaci (mema - przyp. red), wkładając w usta jakieś słowa, których nie powiedziałem, czy coś tam, no to wtedy mogę się zdenerwować? Mogę - skomentował w rozmowie ze sportowcem. Na tym jednak nie poprzestał. Więcej przeczytacie w artykule: ""Krychowiak zapytał Cyrwusa o memy z Ryśkiem z 'Klanu'. Dosadna odpowiedź"".",0
"Tegoroczna gala Fryderyków, która odbywała się 25 maja, nie zakończyła się pomyślnie dla Bedoesa. Raper był nominowany w dwóch kategoriach - singiel roku hip-hop oraz teledysk roku za utwór ""Kamień z serca"", jednak ostatecznie nie zdobył żadnej statuetki. Kilka godzin po zakończeniu wydarzenia postanowił odnieść się do sytuacji w mediach społecznościowych. Raper opublikował na InstaStories emocjonalne nagranie, w którym otwarcie przyznał, że przegrana była dla niego bolesna. Nie próbował ukrywać rozczarowania ani udawać obojętności wobec wyniku gali. - To był drugi raz w życiu, jak byłem nominowany do Fryderyków. (...) Stwierdziłem, że nie będę udawał nonszalancko, że mnie to j***e, nie będę też gdzieś tam... Po prostu będę sobą, powiem z serca. Nie wygrałem żadnej z kategorii. Jest mi bardzo przykro, bo ten utwór był dla mnie bardzo ważny i gdzieś tam ten Fryderyk uważam byłby jego zwieńczeniem - wyznał. Jednocześnie Bedoes zwrócił się do swoich fanów z prośbą, by nie atakowali organizatorów i osób odpowiedzialnych za werdykt. Podkreślił, że choć docenia wsparcie słuchaczy, nie chce, aby ktokolwiek odbierał zwycięzcom radość z otrzymanych nagród. - Nie chcę teraz p*******ć, że nagrody nie mają sensu, bo to super dostać nagrodę, ale proszę was, żebyście też nie komentowali tej decyzji gremium. Nagrody rządzą się swoimi zasadami. Wiem, że jesteście za mną, ale nie odbierajmy też komuś przyjemności z tej nagrody - dodał. Na zakończenie swojej relacji Bedoes pogratulował wszystkim laureatom tegorocznych Fryderyków. Wspomniał między innymi o Zalii oraz Kasi Lins, którym publicznie pogratulował sukcesów i występów podczas gali. - I dzięki wielkie, że jesteście. I gratulacje wszystkim, którzy wygrali. Oczywiście Zalia, świetny występ, mega trzymałem kciuki. Kasia Lins, gratulacje. Wszystkim naprawdę gratuluję, którzy wygrali i dzięki wszystkim tym, którzy są ze mną i obiecuję, że tę energię przełożę na pewno na album. Do usłyszenia - podsumował.",0
"Papież Leon XIV zwrócił się do Polaków. Podziękował kobietom Papież Leon XIV podczas środowej audiencji generalnej zwrócił się do Polaków z apelem o ochronę życia ""od poczęcia do naturalnej śmierci"". Ojciec Święty nawiązał także do obchodzonego w Polsce Dnia Matki i podziękował kobietom za ""dar życia"". - Z pomocÄ ÅwiÄtej BoÅ¼ej Rodzicielki chroÅcie w Waszej OjczyÅºnie Å¼ycie kaÅ¼dego czÅowieka - od poczÄcia do naturalnej Åmierci. Wszystkich was bÅogosÅawiÄ! - powiedziaÅ papieÅ¼ podczas audiencji generalnej w Watykanie. Leon XIV zwrÃ³ciÅ siÄ do polskich wiernych, dziÄkujÄ c matkom za wychowanie dzieci i przekazywanie im wiary. - DziÄkujÄ wszystkim mamom, ktÃ³re z wielkodusznoÅciÄ przekazaÅy dar Å¼ycia i troszczÄ siÄ o swoje dzieci, uczÄ c je miÅoÅci do Boga i bliÅºniego - mÃ³wiÅ. PapieÅ¼ Leon XIV zwrÃ³ciÅ do PolakÃ³w podczas audiencji W Årodowej audiencji uczestniczyli takÅ¼e polscy duchowni, w tym prymas Polski abp Wojciech Polak, bp Szymon StuÅkowski oraz bp Adam Bab. Towarzyszyli oni grupie pielgrzymÃ³w wÄdrujÄ cych z Wiednia do Rzymu Åladami Åw. StanisÅawa Kostki. ZOBACZ: PoraÅ¼ka Ferrari po gÅoÅnej premierze. Nie pomÃ³gÅ tu nawet papieÅ¼ Na placu Åw. Piotra obecne byÅy rÃ³wnieÅ¼ liczne grupy mÅodzieÅ¼y i uczniÃ³w z Polski, m.in. z Poznania, Lublina, ÅwinoujÅcia, Rzeszowa czy Sandomierza. Do Watykanu przyjechali takÅ¼e uczestnicy MiÄdzynarodowego Turnieju Historycznego o Monte Cassino oraz przedstawiciele polskich szkÃ³Å dziaÅajÄ cych we WÅoszech, Wielkiej Brytanii, Irlandii, Belgii i na WÄgrzech. WÅrÃ³d uczestnikÃ³w znalazÅy siÄ szkoÅy polskie z Rzymu, Edynburga, Oksfordu, Belfastu, Budapesztu i Gandawy. Organizatorzy podkreÅlali, Å¼e obecnoÅÄ mÅodzieÅ¼y z rÃ³Å¼nych krajÃ³w Europy byÅa symbolem pamiÄci o historii Polski i troski o zachowanie polskiej toÅ¼samoÅci poza granicami kraju. Czytaj wiÄcej",1
"Tramwaj do Mistrzejowic z nową datą. Miasto podało termin uruchomienia linii W urzędzie miasta trwa dziś nadzwyczajna sesja Rady Miasta Krakowa. Została zwołana dokładnie w tych samych sprawach co słynna sesja sprzed tygodnia, która nie doszła do skutku z powodu bojkotu radnych rządzącej koalicji. Jedną z tych spraw jest budowa nowej linii tramwajowej do Mistrzejowic. Budowa linii tramwajowej do Mistrzejowic miała zakończyć się już wcześniej, ale termin był kilka razy przesuwany. Jeszcze niedawno miasto zapewniało, że tramwaje pojadą pod koniec czerwca. Teraz wiadomo już, że to się nie uda. Podczas nadzwyczajnej sesji Rady Miasta Krakowa dyrektor Zarządu Dróg Miasta Krakowa Jarosław Tabor poinformował, że nowym terminem uruchomienia linii jest 31 sierpnia. – Zgodnie z wnioskiem złożonym przez generalnego wykonawcę pierwszy dzień dostępności linii tramwajowej i zakończenia inwestycji to 31 sierpnia bieżącego roku – powiedział Jarosław Tabor. Jak wyjaśnił, właśnie wtedy mają rozpocząć się regularne przewozy pasażerskie. Problem z zasilaniem tunelu Podczas sesji radni zwracali uwagę, że mieszkańcy od miesięcy mierzą się z utrudnieniami: rozkopanymi ulicami, ruchem wahadłowym i zamkniętymi chodnikami oraz drogami rowerowymi. Radny Michał Drewnicki z PiS mówił, że jeszcze trzy miesiące temu w odpowiedziach na interpelacje miasto zapewniało o czerwcowym terminie oddania inwestycji. Według miasta jednym z głównych powodów przesunięcia terminu jest opóźnienie w uruchomieniu jednej z podstacji transformatorowych odpowiadających za zasilanie tunelu tramwajowego. – To opóźnienie pozostawało bezwzględnie po stronie Tauronu – tłumaczył Jarosław Tabor. Jak dodał, spółka miała problemy z uzyskaniem zgód od spółdzielni mieszkaniowej Ugorek na przeprowadzenie infrastruktury energetycznej. Dopiero w ostatnich dniach udało się uzyskać potrzebne zgody. Miasto poinformowało, że podłączenie ma zostać zakończone jeszcze w czerwcu. Dopiero wtedy będzie można rozpocząć testy i montaż części urządzeń w tunelu. Mrozy i zmiany w projekcie Według wykonawcy, mrozy między grudniem a lutym spowodowały aż 62 dni opóźnienia. Miasto nie uznało jednak całości tego roszczenia. – Z sześćdziesięciu dwóch dni my uznaliśmy tylko kilkanaście dni opóźnienia – mówił dyrektor ZDMK. Jarosław Tabor wskazywał też m.in. konieczność wprowadzenia zmian projektowych przy ul. Krzesławickiej. Chodziło o budowę dodatkowego fragmentu muru oporowego przy inwestycji mieszkaniowej. Miasto podkreśla, że wszystkie tzw. przypadki kompensacyjne są nadal analizowane przez inżyniera kontraktu. Od tego zależy m.in. ewentualne naliczenie kar umownych. Na razie bez kar dla wykonawcy Radni pytali również, czy miasto zamierza naliczyć wykonawcy kary za niedotrzymanie terminów. Na razie ich nie będzie. – Na chwilę obecną wszystkie przypadki do tej pory były uzasadnione, stąd nie zostały naliczone kary umowne – powiedział Jarosław Tabor. Zastrzegł jednak, że jeśli część obecnych opóźnień okaże się nieuzasadniona, kary mogą zostać naliczone za konkretne dni zwłoki. Mieszkańcy nadal nie znają nowej siatki połączeń Podczas sesji pojawił się też temat docelowego układu komunikacyjnego po uruchomieniu nowej trasy. Radni zwracali uwagę, że mieszkańcy wciąż nie wiedzą, jakie linie pojadą nową trasą i jak zmieni się siatka połączeń. Według informacji przekazanych przez ZDMK w marcu odbyły się warsztaty z udziałem przedstawicieli rad dzielnic, organizacji społecznych i ekspertów transportowych. Szczegóły zmian mają zostać przedstawione w najbliższym czasie przez Zarząd Transportu Publicznego. Inwestycja za ponad 2 miliardy złotych Podczas sesji padły też aktualne koszty całego przedsięwzięcia. Według miasta budowa i obsługa linii tramwajowej do Mistrzejowic to łącznie około 2,1 mld zł. Z tego ponad 1,1 mld zł stanowią koszty inwestycyjne. Około 700 mln zł to koszty obsługi długu i kredytów związanych z projektem. Dyrektor ZDMK podał też, że roczne koszty eksploatacji linii wynoszą około 300 mln zł i pozostają po stronie generalnego wykonawcy.",1
"Tragedia w Uniszowej. 90-letni kierowca śmiertelnie potrącił 80-letnią rowerzystkę Dramat rozegrał się tuż po godzinie 9:40. Na miejsce natychmiast skierowano wszystkie służby ratunkowe, w tym śmigłowiec Lotniczego Pogotowia Ratunkowego. Reanimacja nie przyniosła skutku Okoliczności zdarzenia są wstrząsające. Według wstępnych informacji, do wypadku doszło w momencie, gdy kobieta znajdowała się na jezdni wraz ze swoim jednośladem. – Ze wstępnych ustaleń wynika, że kierujący samochodem osobowym mężczyzna w wieku około 90 lat najechał na kobietę w wieku około 80 lat, która prowadziła rower – podaje portal Małopolska Alarmowo. Służby medyczne niemal natychmiast podjęły walkę o życie seniorki. Niestety, obrażenia okazały się zbyt poważne. Kobieta zmarła na miejscu zdarzenia. Droga zablokowana, trwa śledztwo Wypadek spowodował poważne utrudnienia w ruchu. Droga w Uniszowej została całkowicie zablokowana na kilka godzin, aby umożliwić śledczym zabezpieczenie śladów. Policja prowadzi czynności wyjaśniające pod nadzorem Prokuratury Rejonowej w Tarnowie.",1
"Tragiczna śmierć posła. Aleksander Miszalski żegna Łukasza Litewkę Prezydent Krakowa Aleksander Miszalski zabrał głos po śmierci Łukasza Litewki. Parlamentarzysta zginął 23 kwietnia w tragicznym wypadku w Dąbrowie Górniczej. „Z ogromnym smutkiem przyjąłem informację o śmierci Łukasza Litewki. Był zaangażowanym samorządowcem i parlamentarzystą, który w swojej działalności publicznej kierował się wrażliwością społeczną i troską o innych. Wielu zapamięta go jako osobę bliską ludziom, reagującą na ich codzienne problemy. Rodzinie, bliskim i wszystkim, których dotknęła ta strata, składam szczere wyrazy współczucia. Niech spoczywa w pokoju” – napisał prezydent. Tragiczny wypadek Do zdarzenia doszło po godzinie 13 na ulicy Kazimierzowskiej. Według wstępnych ustaleń Łukasz Litewka poruszał się rowerem, gdy doszło do zderzenia z samochodem osobowym. Jak informował „Dziennik Zachodni”, polityk zginął na miejscu. Po wypadku droga została całkowicie zablokowana w obu kierunkach. Na miejscu pracowali policjanci pod nadzorem prokuratora, a służby ogłosiły czarny alert drogowy. Okoliczności tragedii są wyjaśniane. Łukasz Litewka był posłem X kadencji Sejmu oraz samorządowcem. Szerszą rozpoznawalność zdobył podczas kampanii parlamentarnej w 2023 roku. Znany był ze swojej charytatywnej działalności.",1
"66-letnia Majka Jeżowska w FALBANIASTEJ MINI melduje się na konferencji w Opolu. Petarda? (ZDJĘCIA) Majka Jeżowska pojawiła się na konferencji prasowej przed 63. Krajowym Festiwalem Polskiej Piosenki w Opolu. Wybrała stylizację, w której pierwsze skrzypce grały jej odsłonięte nogi oraz błękitna, koronkowa mini z przedłużanym tyłem. Fajnie wyglądała? 66-letnia Majka Jeżowska w FALBANIASTEJ MINI melduje się na konferencji w Opolu. Petarda? (ZDJĘCIA) Do rozpoczęcia 63. Krajowego Festiwalu Polskiej Piosenki w Opolu zostało już niewiele czasu. Tegoroczna edycja odbędzie się w dniach 4-7 czerwca 2026 roku w Amfiteatrze Tysiąclecia, a 27 maja zorganizowano konferencję prasową zapowiadającą wydarzenie. Na ściance pojawiło się wiele znanych nazwisk polskiej sceny artystycznej, w tym Majka Jeżowska, która zdecydowanie nie zginęła w tłumie. Wokalistka postawiła na zestaw utrzymany w jasnych, pastelowych kolorach. Bazą stylizacji był biały T-shirt z różowo-czerwonym nadrukiem ""A ja wolę moją mamę"", czyli nawiązaniem do jednego z jej najbardziej rozpoznawalnych przebojów. Na koszulkę narzuciła luźną, półtransparentną białą koszulę z szerokimi rękawami. Najmocniej uwagę przyciągała jednak błękitna, koronkowa spódnica - krótka z przodu, z falbanami i dłuższym trenem z tyłu. Dzięki temu Jeżowska wyeksponowała nogi, a całość miała bardziej sceniczny niż klasycznie ściankowy charakter. Zobacz również: Majka Jeżowska była ofiarą przemocy domowej: ""Uderzył mnie w krtań ze złości, zazdrości i wylądowałam na pogotowiu"" Artystka do stylizacji dobrała białe botki, czarną torebkę o wyrazistej, wypukłej fakturze, duże ciemne okulary przeciwsłoneczne i długie kolczyki. Look uzupełniał jasny manicure w odcieniu błękitu, korespondujący ze spódnicą. Było kolorowo, lekko teatralnie i bardzo w estetyce Jeżowskiej, która od lat nie boi się mocnych elementów garderoby. Zobacz także: Olga Bończyk i Majka Jeżowska wskoczyły w bikini i urządziły sobie sesję zdjęciową w basenie. Takie to pożyją? Zobaczcie, jak na konferencji festiwalu w Opolu prezentowała się twórczyni przeboju ""A ja wolę moją mamę"".",0
"Michał Wiśniewski zamknął trudną sprawę, czeka na kolejną Michał Wiśniewski od pięciu lat mierzył się z problemami prawnymi. 27 maja odbyła się sprawa w sądzie apelacyjnym. Jak informują obecni na miejscu dziennikarze ""Faktu"", muzyk zdecydował się na emocjonalną przemowę, pod koniec której wylał wiele łez. Jak podkreślił, ciągnąca się sprawa wpłynęła na jego życie rodzinne, a małżeństwo wystawiła na ogromną próbę. Wokaliście Ich Troje udało się oczyścić swoje dobre imię. Usłyszał, że jest niewinny, co wywołało kolejne łzy - tym razem ulgi. Po wszystkim, jak przekazuje Pudelek, udał się ze swoimi przedstawicielami, by świętować sukces - przy kawie i naleśnikach. Wyraźnie dopisywał mu dobry humor. Niedługo okaże się jednak, jak długo utrzyma się ten dobry nastrój - termin kolejnej rozprawy już niedługo. Michał Wiśniewski tak teraz mówi o rozwodzie Jak jakiś czas temu ustaliła Plejada, to Pola Wiśniewska złożyła pozew rozwodowy. Piąta żona muzyka nie podzieliła się oficjalnie przyczynami rozstania, jednak między wierszami jej wypowiedzi można wyczytać, że po rozstaniu poczuła ogromną ulgę. Po wyprowadzce od męża napisała na Instagramie, że ""w końcu da się oddychać"". Tymczasem sam Michał jeszcze przy okazji wywiadów podczas Polsat Hit Festiwal 2026, który odbył się w miniony weekend, dość zaskakująco mówił o rozstaniu. Zapytany o życie singla, odpowiedział w rozmowie z Party, że ""jeszcze nie jest singlem, bo jest żonaty"". Teraz okazuje się, że ten stan może nie potrwać zbyt długo. Termin rozprawy rozwodowej Michała i Poli Wiśniewskich O tym, że Pola złożyła pozew, Plejada informowała w drugiej połowie kwietnia. Szybko poszło - okazuje się, że nie tylko wyznaczono już termin pierwszej rozprawy, ale na dodatek wszystko odbędzie się już za chwilę. ""Informuję, że termin rozprawy wyznaczono na 17 czerwca 2026 r. godz. 12:30"" - przekazała Aneta Gąsińska, specjalistka ds. informacji publicznej z Sądu Okręgowego w Warszawie. Tak szybki termin to spore zaskoczenie - dla porównania, Marcela Leszczak i Michał Koterski muszą czekać do października 2026 roku, zatem ponad rok od złożenia pozwu. Jednak ta para podkreśla, że wszystko między nimi zostało już ustalone, więc rozprawa to formalność - nie wiadomo natomiast, jak wygląda to u Wiśniewskich. Zobacz też: Wiśniewski nie mógł powstrzymać łez. Nareszcie może odetchnąć Sceny na występie Wiśniewskiego. Nagle zaczął żartować. Wspomniał Polę",0
"Potwierdziły się doniesienia ws. Kuszewskiego. To koniec plotek Kacper Kuszewski nieważne w ilu produkcjach by nie wziął udziału, widzowie i tak najbardziej zapamiętają go z roli Marka Mostowiaka w serialu ""M jak miłość"". A trzeba przyznać, że aktor, który ma też talent wokalny brał udział w wielu produkacjach filmowych, występuje w teatrze, wygrał ""Taniec z gwiazdami"", a także zachwycał w ""Twoja twarz brzmi znajomo"" jako uczestnik i juror. Po latach trafił do TVP gdzie oprócz randkowego show ""Żona dla Polaka"" spełnia się muzycznie w programie ""Tak to leciało!"". Wokół jego przyszłości w TVP krążyło ostatnio wiele plotek, jednak teraz wszystko stało się jasne. Liczby mówią same za siebie. TVP podjęła decyzję ws. Kacpra Kuszewskiego. Doniesienia dotarły w ostatniej chwili Jak podał serwis ""Wirtualne Media"", teleturniej ""Tak to leciało!"", którego gospodarzem jest właśnie Kacper Kuszewski, ma się pojawić z nowymi odcinkami już jesienią tego roku. W sierpniu mają się odbywać nagrania wszystkich odcinków. Na razie poszukiwani są chętni uczestnicy do show. ""Tak to leciało, czyli cudowne polskie piosenki i trudne zagadki, jest przy tym świetna zabawa i mogę Państwu zdradzić, że w nowym sezonie ktoś wygra główną nagrodę 100 tysięcy złotych. Gorąco zapraszam, jak zwykle będzie u nas rodzinnie, muzycznie i wesoło"" - wyznał w zeszłym roku Kacper Kuszewski w rozmowie z redakcją tvp.pl. Jak podaje portal, średnia widownia premierowych odcinków ostatniego (17.) sezonu zamknęła się w liczbie 618 tysięcy osób. Przełożyło się to na udziały TVP2 na poziomie 6,89 proc. w grupie ogólnej (4+) oraz 4,88 proc. w wymagającej grupie komercyjnej 16-59 lat (na podstawie danych Nielsen Audience Measurement). Wyniki może nie są powalające, ale format zyskał stabilną pozycję wśród widowni. Kacper Kuszewski w show ""Tak to leciało!"". Zastąpił Sławomira i Kajrę Przypomnijmy, że znany aktor i wokalista przejął rolę prowadzącego jesienią 2024 roku, zastępując w niej duet Sławomira Zapały i Magdaleny ""Kajrę"" Kajrowicz (którzy prowadzili program od momentu jego wielkiego powrotu do ramówki w 2022 roku). Kuszewski doskonale odnalazł się w formule show i zyskał bardzo pozytywny odbiór ze strony publiczności. Jak sam przyznał, na planie daje z siebie wszystko. ""Będę się starał dodawać im odwagi i podnosić na duchu, bo doskonale wiem, że występ w programie telewizyjnym to spory stres dla każdego"" - zapewniła niedawno aktor na planie show. Będziecie oglądać? Zobacz też: Doniesienia ws. Kuszewskiego to nie były plotki. ""Nie byłem na to gotowy"" Kacper Kuszewski znienacka potwierdził krążące o nim plotki. A jednak, to trwa od lat Potwierdziło się ws. Kuszewskiego. Nowy program w TVP to był tylko początek",0
"Pożar na grobie Łukasza Litewki. Bliscy są zrozpaczeni. Nagrania błyskawicznie obiegły sieć Na grobie tragicznie zmarłego Łukasza Litewki doszło do pożaru. Zapaliły się wiązanki oraz znicze ustawione przy mogile społecznika. Straż pożarna potwierdziła, że sytuację szybko opanowano i nie była potrzebna większa interwencja. Zginął podczas przejażdżki rowerowej Śmierć Łukasza Litewki wstrząsnęła mieszkańcami Sosnowca i osobami, które śledziły jego działalność społeczną w internecie. Założyciel fundacji #TeamLitewka zginął 23 kwietnia podczas przejażdżki rowerowej. Do tragedii doszło, gdy został śmiertelnie potrącony przez kierowcę osobowego Mitsubishi. Okoliczności wypadku wciąż są wyjaśniane przez śledczych. Łukasz Litewka był znany ze swojej działalności pomocowej i ogromnego zaangażowania w sprawy mieszkańców. W mediach społecznościowych obserwowały go tysiące osób, a wiele zbiórek i akcji charytatywnych organizowanych przez jego fundację odbijało się szerokim echem w całej Polsce. Informacja o jego śmierci wywołała ogromne poruszenie i falę wzruszających pożegnań. Pogrzeb społecznika odbył się 29 kwietnia i zgromadził tłumy mieszkańców, przyjaciół oraz osób, którym pomagał przez lata. Od tamtego momentu jego mogiła niemal bez przerwy pokrywa się nowymi kwiatami, zniczami i pamiątkami pozostawianymi przez odwiedzających. Śledztwo w sprawie tragicznego wypadku nadal trwa Wciąż trwa także postępowanie dotyczące śmiertelnego potrącenia Łukasza Litewki. Jak informował „Fakt”, 57-letni kierowca uczestniczący w zdarzeniu stracił prawo jazdy już 28 kwietnia. Prokuratura nadal bada dokładny przebieg tragedii i analizuje wszystkie okoliczności wypadku. W przestrzeni medialnej pojawiły się wcześniej pewne nieścisłości dotyczące działań śledczych, jednak przedstawiciele prokuratury wyjaśniali później, że wynikały one z błędu komunikacyjnego. Podkreślono jednocześnie, że priorytetem pozostaje dokładne i rzetelne wyjaśnienie sprawy, która wstrząsnęła opinią publiczną. Pożar na grobie Łukasza Litewki Do zdarzenia doszło na cmentarzu przy ul. Zuzanny w Sosnowcu, gdzie od kilku tygodni codziennie pojawiają się tłumy osób chcących oddać hołd Łukaszowi Litewce. Jak przekazał rzecznik Komendanta Miejskiego PSP w Sosnowcu, zgłoszenie wpłynęło o godz. 11:34. Ogień objął znajdujące się przy mogile wiązanki i znicze. Według wstępnych ustaleń jedna z dekoracji mogła zostać ustawiona zbyt blisko otwartego płomienia. Strażacy bardzo szybko opanowali sytuację i nie było konieczności prowadzenia dużej akcji gaśniczej. Zapaleniu uległy wiązanki zlokalizowane przy grobie oraz znicze. Prawdopodobnie ktoś z odwiedzających za blisko znicza położył wiązankę i doszło do zapalenia. Zniczy przy grobie jest bardzo dużo. To była szybka akcja gaszenia pożaru, nie wymagała większej interwencji strażaków – zaznaczył. Na zdjęciach z miejsca zdarzenia było widać nadpalone kwiaty i stopione znicze. Na szczęście ogień nie rozprzestrzenił się dalej i szybko został ugaszony. W mediach społecznościowych po pożarze pojawiły się komentarze pełne smutku i zaniepokojenia. Internauci zwracali uwagę, że przy tak dużej liczbie zniczy wystarczy chwila nieuwagi, by doszło do podobnego incydentu. Wielu apelowało również o zachowanie ostrożności podczas odwiedzania cmentarza. Płakać się chce,nawet po śmierci nie może zaznać spokoju .Kto go tak bardzo nienawidzi ?",0
"Plejada gwiazd lśni na konferencji KFPP Opole 2026! Doda, Kukulska, Wyszkoni… Wielbiciele polskiej muzyki mogą już zacząć odliczanie! Przed nami 63. edycja legendarnego Festiwalu w Opolu, który tradycyjnie odbędzie się w opolskim Amfiteatrze Tysiąclecia w dniach 4–7 czerwca 2026 roku. Atmosfera zaczyna gęstnieć – na dzisiejszej konferencji prasowej 27 maja błyszczały największe osobistości show-biznesu, dając przedsmak emocji, jakie czekają nas już za kilka dni. Dorota „Doda” Rabczewska zaprezentowała odważny i spójny total look zdominowany przez wyrazisty, brązowo-biały wzór w krowie łaty. Stylizacja składa się z krótkiego, sznurowanego na dekolcie topu ze stójką oraz dopasowanych spodni o kroju flare, które efektownie eksponują sylwetkę gwiazdy. Dopełnieniem tego drapieżnego wizerunku w klimacie nowoczesnego westernu są perfekcyjnie dobrane dodatki — charakterystyczne nakrycie głowy w zwierzęcy motyw oraz buty w szpic. Anna Wyszkoni zaprezentowała się w nowoczesnej, kontrastowej stylizacji składającej się z białego topu bez ramiączek z baskinką oraz dopasowanych, ciemnych leginsów o drobnej, siateczkowej fakturze. Góra stroju zwraca uwagę subtelnym marszczeniem na boku, które nadaje całości struktury i lekkości. Eleganckim dopełnieniem looku są klasyczne, czarne szpilki w szpic oraz delikatna, złota biżuteria z ozdobnymi kamieniami. Majka Jeżowska pełną energii stylizację, której bazą stał się biały t-shirt z różowym nadrukiem oraz narzucona na niego transparentna, luźna koszula. Wzrok przyciągała asymetryczna, błękitna spódnica z koronkowymi falbanami, która była krótsza z przodu i przechodziła w dłuższy tren z tyłu. Całość dopełniły wyraziste dodatki: białe botki na płaskiej podeszwie, ozdobna czarna torebka o nieregularnej fakturze oraz duże, ciemne okulary przeciwsłoneczne. Halina Mlynkova zaprezentowała się w nowoczesnej, monochromatycznej stylizacji, składającej się z luźnego, czarnego kompletu o sportowym charakterze z wysokim kołnierzem. Elegancki sznyt strojowi nadają wyraziste, czarne szpilki z odkrytą piętą oraz dopasowana kolorystycznie, skórzana torebka w odcieniu ciepłego brązu. Całość uzupełnia gładko zaczesana fryzura oraz minimalistyczna, złota biżuteria. Natalia Kukulska zaprezentowała się w nowoczesnej, biało-czarnej stylizacji, łączącej klasyczną elegancję z miejskim luzem. Głównym elementem stroju była długa, czarna sukienka o kroju kamizelki z centralnym zamkiem, założona na białą koszulę z kołnierzykiem. Całość uzupełniły masywne czarne sneakersy na platformie, białe skarpetki, a także wyrazista biżuteria. Ralph Kamiński zaprezentował się w awangardowej, czarno-białej stylizacji. Artysta postawił na klasyczny, czarny garnitur o dopasowanym kroju, który przełamał odważnym elementem w postaci koszuli z żabotem i kołnierzem typu stójka, pokrytej czarno-białym wzorem w groszki. Wykończeniem kreacji były czarne buty. Łukasz Zagrobelny postawił na swobodną elegancję w stylu smart casual, łącząc klasyczną, białą koszulę z rozpiętym kołnierzykiem i podwiniętymi rękawami z lekką, czarną marynarką. Dolną część jego stylizacji tworzyły luźne, materiałowe spodnie oraz minimalistyczne sneakersy. Całość uzupełniły wyraziste, ciemne okulary przeciwsłoneczne, elegancki zegarek na bransolecie oraz delikatny łańcuszek. Natalia Przybysz zaprezentowała się w oryginalnej stylizacji mocno inspirowanej japońskim kimonem. Góra stroju to jasna, kopertowa marynarka z szerokimi rękawami, przewiązana w talii szerokim pasem obi w odcieniach niebieskiego. Dopełnieniem zestawu są niezwykle luźne, lejące spodnie z efektownym motywem ombre, płynnie przechodzącym od bieli do głębokiego granatu. Sebastian Fabijański zaprezentował się w casualowym, monochromatycznym wydaniu, łącząc luźną, czarną koszulę z głębokim rozcięciem, eleganckie spodnie w tym samym kolorze oraz masywne buty i ciemne okulary. Darya postawiła na klasyczną elegancję, wybierając garnitur w prążki o głębokim, granatowym odcieniu z dwurzędową marynarką ozdobioną złotymi guzikami. Całość jej stylizacji przełamał prosty, biały top pod spodem oraz wyrazista, pikowana torebka w kolorze połyskującego złota, którą trzymała w dłoni. Kuba Szmajkowski postawił na monochromatyczną, białą stylizację. Głównym elementem looku jest półprzezroczysta, lekka koszula z efektownym wiązaniem wokół szyi, połączona z szerokimi spodniami z wysokim stanem. Wyrazistym akcentem przełamującym biel jest wzorzysta, niebiesko-biała chusta przewiązana w pasie oraz klasyczne, ciemne buty. Grzegorz Skawiński miał na sobie elegancki, całkowicie czarny komplet składający się z marynarki z delikatnie połyskującymi klapami oraz dopasowanego t-shirtu z dekoltem w serek. Stylizację uzupełniały proste, ciemne spodnie oraz masywne buty o charakterystycznych, kwadratowych czubkach. Całość dopełniały jego kultowe, wyraziste okulary przeciwsłoneczne w grubej oprawie. Gabi Drzewiecka zaprezentowała się w nowoczesnej, czarno-białej stylizacji, łącząc klasyczną, białą koszulę z postawionym kołnierzykiem i szerokimi mankietami z awangardowymi, ciemnymi spodniami o bardzo luźnym kroju z rozcięciami na dole. Uwagę zwracał szeroki, satynowy pas w talii, który idealnie spiął sylwetkę. Dopełnieniem tego oryginalnego zestawu były klasyczne, czarne szpilki w szpic oraz gładkie upięcie włosów z symetrycznym przedziałkiem. Katarzyna Żak zaprezentowała elegancką i niezwykle błyszczącą stylizację wieczorową. Miała na sobie dopasowaną sukienkę maxi w głębokim odcieniu burgundu, która w całości została pokryta mieniącymi się cekinami i posiadała subtelne rozcięcie eksponujące nogę. Kreację dopełniły klasyczne beżowe szpilki w szpic oraz prosta, czarna kopertówka trzymana w dłoni. Olga Bończyk zaprezentowała się w niezwykle eleganckim, a zarazem wyrazistym wydaniu, stawiając na total look w intensywnym odcieniu fuksji. Aktorka miała na sobie gładką sukienkę midi z kołnierzykiem i krótkim rękawem, która została spięta w talii dopasowanym paskiem z klamrą. Całość dopełniły metaliczne szpilki w kolorze różowego złota, wiszące kolczyki idealnie współgrające z kreacją oraz wzorzysta, niewielka torebka trzymana w dłoni. Ale stare dzięki cuchidajka i do nas jedyne. Niech wf w czołgają na chętna z. Inter imię,",0
"Cena wody wzbudziła emocje po weekendowych koncertach Taco Hemingwaya. Organizatorzy wydarzenia zakazali wnoszenia napojów, jednocześnie apelując o nawadnianie się. To wzbudziło irytację uczestników koncertu i internautów. Sporo osób narzekało też wprost na wysoką cenę wody na stadionie. - W ubiegły weekend Taco Hemingway zagrał dwa koncerty na Stadionie Narodowym w Warszawie. - Na wydarzenia nie można było wnosić własnych napojów. - Organizatorzy zachęcali jednak, by się nawadniać. Wodę można było kupić na miejscu. Cena? Kilkanaście zł. Jedna z użytkowniczek portalu X zamieściła nagranie ukazujące głosową i wizualną informację od organizatorów, według której zakazane jest wnoszenie na koncert własnych napojów. Jednocześnie wyświetla się apel: „Pij wodę”. Kontrowersje wokół dopłat dla artystów. Ministerstwo odpiera zarzuty Apele o nawadnianie się pojawiały się także na samym Stadionie Narodowym. „To czemu z wodą nie wpuszczacie *****” – brzmi jeden z pełnych irytacji komentarzy na portalu X. „To jej ***** nie sprzedawaj po 14 zł za 0,5 l” – dodaje kolejny. Organizatorzy wyjaśniają – Uprzejmie informujemy, że organizatorem koncertów Taco Hemingway była firma Revolume Sp. z o.o. To podmiot organizujący wydarzenie odpowiadał za regulamin obowiązujący uczestników, w tym m.in. za wprowadzenie zakazu wnoszenia napojów na teren imprezy masowej oraz za treść komunikatów wyświetlanych na telebimach – mówi w rozmowie z Plejadą rzeczniczka Stadionu Narodowego Małgorzata Bajer. Nareszcie! Powstaje nowy dodatek fabularny do Wiedźmina 3: Dzikiego Gonu Jak dodaje, „o zasadach i regulaminach obowiązujących podczas konkretnego wydarzenia każdorazowo decyduje jego organizator, a operator PGE Narodowego udostępnia przestrzeń na realizację imprezy na warunkach określonych w umowie”. „Uczestnikom zabrania się w szczególności wnoszenia: (...) wszelkich płynów i napojów w opakowaniach szklanych i plastikowych oraz puszkach metalowych” – brzmi jeden z punktów regulaminu. Agencja Revolume tłumaczy, że „nawet niewielka półlitrowa butelka, którą można rzucić, stanowi realne zagrożenie dla pozostałych uczestników wydarzenia”.",1
"„Magnificia humanitas (wspaniałe człowieczeństwo). W trosce o osobę ludzką w dobie sztucznej inteligencji” – taki tytuł nosi debiutancka encyklika papieża Leona XIV, która ukazała się na stronach Watykanu w poniedziałek 25 maja. Premiery dokumentów papieskich budzą emocje – zarówno w Kościele, jak i (ciągle) poza nim. Jest to bowiem najwyższej rangi dokument, w którym papież ujawnia swój profil światopoglądowy. Wystarczy sięgnąć pamięcią, jak wielkie emocje wzbudzały encykliki papieża Franciszka, które dotykały tak kontrowersyjnych politycznie tematów, jak ekologia czy kwestia migracji. Z jakiegoś więc powodu w świecie zsekularyzowanego Zachodu to, co Biskup Rzymu ma do powiedzenia, wciąż budzi emocje, zaciekawienie i stanowi przedmiot debaty. Przechodząc już do „Magnificia humanitas”, trzeba powiedzieć, że papież podjął się w niej zadania bardzo ambitnego. W 245 punktach – jest to długa encyklika – postanowił opowiedzieć niejako „cały świat”. Dokument nie ogranicza się bowiem tylko do sztucznej inteligencji. Mówi on także o kryzysie demokracji i porządku międzynarodowego, kwestiach wojny i ekonomii, pracy i edukacji. Jest on także – w dwóch pierwszych rozdziałach – wykładem na temat katolickiej nauki społecznej. Wygląda to trochę tak, jakby papież chciał napisać dokument dla ludzi, którzy nigdy nie zetknęli się z nauczaniem społecznym Kościoła katolickiego. Stąd jest to dokument bardzo „gęsty” w treści, który najlepiej jest przyswajać „na raty”. Biorąc pod uwagę zakres encykliki, ograniczę się do omówienia punktów, które uważam za najważniejsze. Dlaczego Kościół wtrąca się w politykę? W I rozdziale Leon XIV próbuje wyjaśnić rzecz absolutnie podstawową: dlaczego Kościół w ogóle komentuje sprawy społeczne? Dlaczego „wtrąca się” do polityki? Skoro jest to organizacja, której celem działania są kwestie wiary, to dlaczego miałby się wypowiadać na tematy takie jak porządek międzynarodowy czy technologia? Wyjaśniając tę kwestię, Leon XIV zaczyna od przypomnienia podkreślającego jasne rozdzielenie – czym innym jest Kościół, a czym innym struktury polityczne. Celem Kościoła jest prowadzenie ludzi do zbawienia, celem polityki zaś „ogarnianie rzeczy doczesnych”: budowa instytucji politycznych, nadzór nad gospodarką etc. Kościół więc nie jest od tego, aby zastąpić władzę polityczną czy też aby narzucać jej konkretne rozwiązania konkretnych problemów. Jednocześnie jednak nie może polityką się nie interesować. Dlaczego? Otóż dlatego, że to, jak wyglądają relacje społeczne, praca, kwestie materialne, ma znaczenie również dla spraw wiary, ze zbawieniem włącznie. Zbawienie bowiem można skrótowo określić jako projekt wewnętrznej przemiany całego człowieka. To zaś nigdy nie dzieje się poza kontekstem społecznym. To, czy dany człowiek może podjąć uczciwą moralnie pracę, utrzymać rodzinę, czy jego umysł nie jest „ryty” przez algorytmy mediów społecznościowych – to wszystko ma z tej perspektywy znaczenie. Dlatego nie może on „nie wtrącać się w politykę”. Zarazem jednak misja powierzona Kościołowi nie pozwala mu pozostawać z dala od konkretnych cierpień mężczyzn i kobiet naszych czasów. Jego bliskość nie rodzi się z zamiaru wyręczania instytucji ani tym bardziej z ukrytej krytyki ich działania, lecz z ewangelicznej miłości, która przynagla go, by pochylał się nad ranami ludzkości w chwilach, gdy ujawniają się one z największą dotkliwością. Kiedy Kościół interweniuje, czyni to na wzór miłosiernego Samarytanina – z dyskrecją i bliskością – świadom, że to, co rodzi się z bezpośredniej konieczności, nie może stać się normą ani zastąpić instytucjonalnej odpowiedzialności właściwej wspólnocie obywatelskiej. – czytamy w „Magnificia humanitas” Jest jeszcze jeden aspekt, dla którego warto wziąć głos Kościoła na poważnie. Wczytując się w nauczanie papieży, sięgamy do źródeł naszej kultury. Jak bowiem pisał brytyjski historyk Tom Holland w książce „Boże władztwo”, bardzo duża część kategorii, które dziś są dla nas oczywiste, takich jak równość każdego człowieka wobec prawa, bazowa równość każdego człowieka niezależnie od majątku i innych czynników, troska o słabszych – a więc to wszystko, co stanowi fundament współczesnych demokracji liberalnych – została przyniesiona właśnie przez chrześcijaństwo. Chrześcijaństwo zaś – jak pisze polski filozof i eseista Tomasz Stawiszyński – w dobie kryzysu narracji jest być może najbardziej kompletną opcją światopoglądową, jaką znamy. „Chrześcijaństwo jawi się jako najbardziej kompletna, najbardziej rozbudowana spośród dostępnych dzisiaj odpowiedź na nieodłączny tragizm ludzkiego życia […], jest odpowiedzią na tragizm, ale odpowiedzią, która tragizmu nie pudruje, nie odkształca, nie obiecuje, że się tu i teraz uda go zniwelować. Jest odpowiedzią, która nie tylko nie unieważnia pytania, lecz przeciwnie – podkreśla jego adekwatność” – pisze Tomasz Stawiszyński w książce Powrót fatum. Katolicyzm nie jest ani prawicowy, ani lewicowy W II rozdziale Leon XIV przechodzi do wykładu podstawowych zasad katolickiej nauki społecznej. A są nimi: niezbywalna godność osoby ludzkiej, dobro wspólne, powszechne przeznaczenie dóbr, pomocniczość, solidarność, sprawiedliwość społeczna. Niezbywalna godność osoby ludzkiej jest centralną zasadą nauczania Kościoła. Człowiek ma pewną bazową, niezbywalną godność – niezależnie od tego, jak pokieruje swoim życiem. Nie może być traktowany nigdy jako środek do celu czy narzędzie zysku. Polityka i warunki społeczne powinny umożliwiać mu jak największy rozwój jego człowieczeństwa. Każdy jest bazowo równy, niezależnie od statusu, majątku, miejsca urodzenia czy koloru skóry. Jest to zasada, która – jak wspomniałem – stoi u podstaw współczesnych demokracji liberalnych. Jest to też fundament ciągle obowiązującej Powszechnej Deklaracji Praw Człowieka uchwalonej w 1948 roku przez ONZ. I choć dziś o tym już zapominamy, to fundamentem świeckich praw człowieka i charakterystycznego dla całego Zachodu szacunku dla jednostki jest religijno-biblijna koncepcja stworzenia człowieka na obraz i podobieństwo Boże. Jak bowiem wskazywał niemiecki teoretyk prawa Carl Schmitt, większość używanych przez nas kategorii prawnych i politycznych ma swoje korzenie w religii – w przypadku Europy będzie to religia chrześcijańska. Zasada dobra wspólnego z kolei ma swoje źródło jeszcze w antycznym myśleniu o polityce – greckim i rzymskim. Oznacza ono – w największym skrócie – że w działaniu politycznym nie powinno kierować się swoim partykularnym interesem, lecz interesem i dobrem ogółu. „Dla chrześcijanina bowiem wyjście z ciasnego świata własnych interesów i zaangażowanie – na miarę własnych możliwości – na rzecz dobra wspólnego jest wartością nienegocjowalną, podobnie jak obrona życia” – pisze stanowczo papież w „Magnificia humanitas”. Działanie na rzecz dobra ogółu jest wartością tak samo ważną jak obrona życia. Mocne. Chyba żaden papież nie sformułował aż tak dobitnie tej zasady. Czytaj też: Kim była matka Donalda Trumpa? Prawdziwa historia Mary Anne McLeod Kolejną zasadą jest powszechne przeznaczenie dóbr. Jest to ten punkt, który dla niektórych ludzi prawicy, skrajnych liberałów i libertarian może stanowić „kamień obrazy”. „Zasada ta przypomina nam przede wszystkim, że dobra ziemi – gleba, woda, powietrze, zasoby naturalne – zostały dane przez Boga całej rodzinie ludzkiej, aby podtrzymywały życie wszystkich, zarówno dzisiaj, jak i w przyszłych pokoleniach oraz że każdej osobie przysługuje pierwotne prawo do korzystania z tych dóbr […] Istnieje prawo do własności prywatnej, które ma swój sens i właściwą sobie funkcję, ale zawsze pozostaje podporządkowane powszechnemu przeznaczeniu dóbr” – czytamy w „Magnificia humanitas”. Prawo do własności prywatnej jest ważne, ale nie jest nieograniczone. Człowiek może powiększać swój dobytek za pośrednictwem swej pracy, ale jednocześnie jest zobowiązany podzielić się tym, co ma, z tym, kto nie ma nic. I nie jest to wymysł współczesnego Kościoła, rzekomo zainfekowanego – przynajmniej od czasów papieża Franciszka – „lewactwem”. Tę zasadę głosił już na przełomie starożytności i średniowiecza papież Grzegorz Wielki. Pisał on: „bogaty nie jest zarządcą swoich włości; rozdawanie potrzebującym jest dziełem, które należy wykonywać z pokorą, ponieważ dobra nie należą do tego, kto je rozdaje. Kto chowa swoje bogactwo tylko dla siebie, nie jest bez winy; rozdanie potrzebującym oznacza spłacenie długu”. Własność prywatna nie jest więc święta i nienaruszalna. Św. Tomasz z Akwinu twierdził nawet, że kradzież cudzego mienia w celu zaspokojenia swoich podstawowych potrzeb życiowych – oczywiście w sytuacji, gdy nie ma możliwości np. podjęcia pracy zarobkowej – jest moralnie uzasadniona. Jeśli powszechne przeznaczenie dóbr było „łyżką dziegciu” dla prawicy, tak swego rodzaju osłodzeniem będzie zasada pomocniczości. Oznacza ona w skrócie, że to, co może zrobić poszczególna osoba lub oddolne zrzeszenie samodzielnie, to państwo i władza centralna nie powinny im tej możliwości zabierać. „Państwo winno czuwać nad dobrem wspólnym, interweniując wtedy, gdy jest to konieczne, ale nie zastępując w sposób trwały odpowiedzialności organizmów pośrednich i rzeczywistości społecznych […]. Zasada ta zachęca do przezwyciężania wszelkich form paternalistycznego czy czysto opiekuńczego zarządzania życiem społecznym” – pisze Leon XIV. Zatem nie etatyzm, nie państwo opiekuńcze, lecz punktowy interwencjonizm tylko tam, gdzie wspólnota nie daje sobie rady. Zasady solidarności i sprawiedliwości społecznej są w pewnym sensie rozwinięciem poprzednich. Solidarność łączy się z dobrem wspólnym – jest umiejętnością myślenia o wspólnocie politycznej w kategoriach całości, a nie rywalizujących ze sobą grup interesu. Sprawiedliwość zaś opiera się na niezbywalnej godności ludzkiej i powszechnym przeznaczeniu dóbr – sprawiedliwy ustrój to taki, który umożliwia rozwój każdemu. Powyższe zasady nie są spisem konkretnego programu politycznego. Są raczej pewnym zbiorem zasad – ogólnych i abstrakcyjnych – które mają służyć jako kryteria oceny polityki, ekonomii etc. I choć w dobie polaryzacji politycznej mogą one wydawać się utopijne, to – jak sądzę – ciągle stanowią cenny drogowskaz dla tego, jak uprawianie polityki powinno wyglądać. To co z tą sztuczną inteligencją? To, że papież dopiero w trzecim rozdziale przechodzi do rozważań nad sztuczną inteligencją, nie jest przypadkowe. By zrozumieć stanowisko Kościoła w tej sprawie, trzeba było bowiem zarysować najpierw wizję człowieka i społeczeństwa, jaką Kościół podziela. Dopiero z tej perspektywy podejście do sztucznej inteligencji może stać się zrozumiałe. W samym rozdziale papież podziela wiele diagnoz, które z naszej perspektywy są już dość oczywiste. Znajdziemy tutaj opis wpływu algorytmów sztucznej inteligencji na demokrację poprzez ułatwienie szerzenia dezinformacji, kwestie energochłonności tej technologii i problem zużycia wody czy w końcu problem cedowania na chatboty samodzielnego myślenia i dochodzenia do prawdy. Ja chciałbym zwrócić jednak uwagę zwłaszcza na trzy punkty diagnozy Leona XIV. Po pierwsze: czy sztuczna inteligencja jest rzeczywiście inteligencją? Papież pisze: „Możemy jednak stwierdzić, że należy unikać błędnego utożsamiania tej «inteligencji» z inteligencją ludzką. Systemy te naśladują niektóre funkcje ludzkiej inteligencji. Czyniąc to, często przewyższają ją szybkością i zakresem obliczeń, oferując konkretne korzyści w licznych dziedzinach. Niemniej jednak ta moc pozostaje związana wyłącznie z przetwarzaniem danych: tak zwane systemy sztucznej inteligencji nie przeżywają doświadczenia, nie posiadają ciała, nie odczuwają radości i bólu, nie dojrzewają w relacji, nie znają od wewnątrz tego, co znaczą miłość, praca, przyjaźń i odpowiedzialność. Nie mają również świadomości moralnej: nie oceniają dobra i zła, nie ujmują ostatecznego sensu sytuacji, nie biorą na siebie ciężaru konsekwencji. Mogą naśladować języki, zachowania i oceny, mogą symulować empatię albo zrozumienie, ale nie rozumieją tego, co wytwarzają, ponieważ nie żyją w sferze afektywnej, relacyjnej i duchowej, w których człowiek staje się mądry. Także wtedy, gdy narzędzia te przedstawiane są jako zdolne do «uczenia się», ich sposób działania różni się od sposobu właściwego osobie ludzkiej. Nie jest to doświadczenie kogoś, kto pozwala kształtować się życiu i wzrasta w czasie poprzez dokonywanie wyborów, popełnianie błędów, przebaczanie i wierność; jest to raczej statystyczne dostosowanie na podstawie danych i informacji zwrotnych, które może być bardzo skuteczne, ale nie oznacza wewnętrznego wzrostu”. Po drugie – kwestia własności danych. Papież wskazuje, że dane i algorytmy nie powinny należeć wyłącznie do wąskiej grupy właścicieli big techów. Tym bardziej że są one współtworzone przez użytkowników. Każdy z nas karmi, poprzez działania w internecie, algorytm, w ten sposób dostarczając właścicielom wielkich firm technologicznych danych, które mogą być później wykorzystywane do personalizacji reklam, a co za tym idzie – monetyzacji naszych danych. Stąd sprawiedliwym rozwiązaniem byłoby jakiegoś rodzaju współdzielenie własności danych z użytkownikami. Podobne postulaty podnosił już chociażby Janis Warufakis, znany grecki ekonomista, autor koncepcji cyfrowej spółdzielczości. Czytaj też: Dzień Matki – święto, które jego twórczyni chciała później zdelegalizować Po trzecie – kwestia ukrytego wyzysku. Leon XIV zwraca uwagę, że za natychmiastową odpowiedzią udzielaną nam przez chatbota stoją mieszkańcy krajów trzeciego świata, trenujący za „psie pieniądze” modele sztucznej inteligencji. Stoi za nią również praca dzieci i nastolatków przy wydobyciu surowców niezbędnych do wyprodukowania urządzeń i mikroprocesorów potrzebnych do funkcjonowania infrastruktury AI – i to często w warunkach uwłaczających godności ludzkiej. I choć technologia sama w sobie jest neutralna, to papież stwierdza, że w przypadku sztucznej inteligencji ryzyko użycia jej przeciwko człowiekowi jest większe, aniżeli było to w przypadku innych rewolucji technologicznych. Tempo zmian, brak pełnej kontroli twórców nad działaniem algorytmów, dzierżenie kontroli nad tą technologią w rękach prywatnych przy braku adekwatnej kontroli politycznej i instytucjonalnej, w końcu fakt, że modele językowe są kształtowane przez ludzi o określonych poglądach – to wszystko budzi obawę papieża. Głos Leona XIV, jak sądzę, może być cenny i stanowi pewne podsumowanie refleksji nad naturą rewolucji AI. Kościół nie jest od tego, żeby dawać szczegółowe rozwiązania polityczne. Jest raczej od tego, by przypominać zasady chroniące godność człowieka. I papież to w tej encyklice robi.",1
"„Zakupy muzealne są formą pomocy dla malarzy, a pański obraz został zakupiony nie po to, aby go ktoś oglądał, tylko po to, by pan miał z czego żyć” – tłumaczy w filmie „Poszukiwany, poszukiwana” młody adiunkt Stanisław Maria Rochowicz malarzowi Bogdanowi Adamcowi. I właściwie trudno o lepszy komentarz do projektu ustawy o zabezpieczeniu socjalnym artystów. Oto bowiem pół wieku później państwo znowu staje przed artystą i mówi: „Wiemy, że jest trudno, więc pomożemy, tylko pan wybaczy, ale najpierw musimy ustalić, czy naprawdę jest pan artystą”. Trąci bareizmem? Owszem. Nie po raz pierwszy zresztą genialny reżyser przewidział naszą absurdalną teraźniejszość. Czytaj też: Michał Szczerba po aresztowaniach ws. fałszywych alarmów. Krytykuje prezydenta i opozycję Ustawa o zabezpieczeniu socjalnym artystów ma wejść w życie za dziewięć miesięcy i na pierwszy rzut oka treść jej uzasadnienia brzmi nawet szlachetnie. Czytamy w niej, że artyści mają nieregularne dochody, pracują projektowo, często na umowach o dzieło, bywają poza systemem ubezpieczeń. To wszystko prawda. Ba, ośmielę się stwierdzić, że większość ludzi kultury naprawdę żyje w warunkach, które z romantyczną wizją sztuki mają tyle wspólnego, co ja ze sportem sumo. Tyle że polskie państwo, kiedy już zauważy realny problem, natychmiast próbuje go wsadzić w ramki, które nijak się mają do realiów ze świata kultury. Otóż żeby pomóc artyście, państwo musi najpierw ustalić, kto nim jest. Czyli ktoś – komisja, jakaś instytucja – będzie musiał odpowiedzieć na pytanie, na które od setek lat nikt nie potrafi mądrze odpowiedzieć. Albo inaczej – odpowiedź na ogół jest uznaniowa i najzwyczajniej subiektywna. Czy to kultura, czy może jeszcze jednak hobby? Witajcie zatem w nowym, wspaniałym świecie. Epoce artysty z legitymacją artysty. Pomysł wraca jak bumerang Projekt ustawy nie jest właściwie nowy. Pomysł statusu artysty zawodowego wraca w Polsce co kilka lat, ostatnio w czasie rządów Zjednoczonej Prawicy. Resort kultury, kierowany wówczas przez Piotra Glińskiego, skierował projekt do konsultacji już w maju 2021 roku, a rząd Mateusza Morawieckiego przyjął go w listopadzie 2023 roku. Ustawa nie została jednak uchwalona przed zmianą władzy, a na początku 2024 roku została ostatecznie wycofana przez wnioskodawców. Obecny rząd sprzedaje temat jako świeże rozwiązanie, ale to raczej kolejny sezon tego samego serialu – zmienił się jedynie marketing polityczny. Problem w tym, że projekt nie rozwiązuje fundamentalnych bolączek kultury. On nimi tylko, pod płaszczykiem chęci pomocy, elegancko administruje. W dużym skrócie: nie tworzy warunków, w których twórczość może być stabilną pracą, tylko sankcjonuje układ, w którym będzie sprawdzane, czy owa „niestabilność bytowa” spełnia kryteria artystyczne. Oczywiście można powiedzieć, że lepszy rydz niż nic. Dla człowieka, który nie ma ubezpieczenia albo nie jest w stanie zapłacić pełnych składek, pomoc może być realnym wsparciem i tego aspektu nie można lekceważyć. Ale kij ma zawsze dwa końce. No bo kto niby będzie „wystarczająco” artystą? Pan, który sprzedaje swoje rysunki na Starówce, żeby mieć na chleb? Poetka, która wydała dwa tomiki w małym wydawnictwie, ale utrzymuje się z korepetycji? Drag queen? Autor memów? Kto wreszcie będzie miał tyle odwagi, żeby to rozstrzygnąć w majestacie państwa? Szczerze? Gdybym miała zasiadać w takiej „komisji”, miałabym chyba niezłą zabawę. Największym problemem tej ustawy może jednak nie być nawet sama definicja artysty, tylko fakt, że słowo „artysta” jest w Polsce społeczną bombą. Ministerstwo mówi o biednych pracownikach kultury, ale szeroka opinia publiczna słyszy raczej o aktorach z seriali, piosenkarkach z telewizji czy o celebrytach z Instagrama. A jeśli tak, to oczami duszy widzi ścianki, czerwone dywany i wywiady w śniadaniówkach. I tu zaczyna się ogromny polityczny problem, ponieważ opinia publiczna żyje obrazami. A ten obraz jest prosty – rząd dopłaca artystom do ZUS-u. Dzieje się to w państwie, w którym emeryt liczy, czy wystarczy mu na wykupienie wszystkich potrzebnych medykamentów, a ludzie zakładają zbiórki, żeby wystarczyło im na leczenie. Powyższa kwestia dotyka jednak problemu natury ontologicznej, tymczasem, schodząc na ziemię, widać wyraźnie, że projekt usiany jest również realnymi „minami”. Jedna z nich zaskakująco brzmi jak klasyczna wrzutka pod hasłem „może nikt nie zauważy”. Chodzi o słowo „dwunastokrotność”, które brzmi niewinnie, ale zmienia de facto polityczny sens całej historii. Po fałszywym alarmie u prezydenta: Państwo ryzykuje ośmieszenie [OPINIA] We wcześniejszych informacjach o pracach nad ustawą mowa była o dopłatach dla artystów o dochodach tak niskich, że właściwie mówiliśmy o ludziach żyjących na granicy finansowego niebytu. W obecnym projekcie próg przesuwa się do 125 procent rocznej płacy minimalnej. Czyli już nie tylko „artysta w nędzy”, ale także artysta osiągający rocznie więcej niż osoba pracująca cały rok za minimalną krajową. To jest moment, w którym opowieść o solidarności zaczyna się politycznie wykolejać. Bo jak wytłumaczyć pracownikowi na minimalnym wynagrodzeniu, że to on sam ma walczyć o byt, tymczasem państwo będzie dopłacało do składek komuś, kto średnio zarabia więcej od niego? Tylko dlatego, że jego dochody są artystyczne, nieregularne i odpowiednio opisane we wniosku? Jeśli to była pomyłka, to jeszcze można zrozumieć, ale jeśli świadoma korekta – to politycznie wybuchowa. Bo „dwunastokrotność” robi z ustawy coś innego, niż obiecywał jej sentymentalny opis. Już nie tylko remedium dla najbardziej poranionych, ale osobną ścieżkę zabezpieczenia dla wybranej grupy zawodowej. Dlaczego akurat artyści Wtedy wraca pytanie, dlaczego akurat artyści. Jeśli problemem jest bowiem nieregularność dochodu, to dlaczego nie wrzucimy do tego samego worka sezonowych rzemieślników, korepetytorów, drobnych usługodawców, czyli ludzi pracujących często od zlecenia do zlecenia? Skoro jedna grupa zawodowa dostaje specjalną ścieżkę do ubezpieczeń, to przecież zaraz przyjdą kolejne. Jeszcze zabawniej robi się, jeśli mowa o definicji słowa „sztuka”. Państwo na ogół lubi myśleć o kulturze w sposób podniosły. Kultura to teatr, filharmonia, literatura, malarstwo, wielkie dziedzictwo. Tymczasem życie jest mniej eleganckie, a kultura dawno już wyszła z sal koncertowych i poszła do nisz, które w urzędniczej wyobraźni nawet nie istnieją. Tutaj wjeżdża na białym koniu wyrok Naczelnego Sądu Administracyjnego z 2025 roku, który uznał, że opisane przez podatnika autorskie pokazy erotyczne online mogą być traktowane jako usługi kulturalne zwolnione z VAT. Nie oznacza to oczywiście, że każdy erotyczny stream automatycznie trafia do panteonu sztuki, ale publicystycznie to jest petarda. Bo skoro autorski taniec erotyczny online może zostać uznany za usługę kulturalną, to co zrobi komisja od oceniania artystów, kiedy zapuka do niej, dajmy na to, erotyczna performerka z bardzo starannie opisanym dorobkiem i kilkudziesięcioma tysiącami obserwatorów? Państwo, które chce decydować, kto jest artystą, musi być gotowe na to, że artyści przyjdą z miejsc, o których mu się nawet nie śniło. Po wsparcie mogą przyjść streamerzy, tancerki erotyczne, autorzy memów, ludzie od filmów na TikToku, twórcy AI – to są osoby, które często funkcjonują na granicy rozrywki i autopromocji. I przecież każdy z nich może powiedzieć: „Przecież ja też tworzę, zarabiam nieregularnie i też chcę status artysty”. Można też wyobrazić sobie absurdy odwrotne. Człowiek naprawdę ubogi, naprawdę tworzący, naprawdę żyjący z działalności artystycznej może nie przejść przez system, bo jego dorobek będzie zbyt mało udokumentowany. W tym samym czasie ktoś inny, lepiej obeznany z grantowym językiem i administracyjną autoprezentacją, przejdzie bez problemu. W ten sposób możemy stworzyć nową klasę, czyli artystów uznanych administracyjnie. Taki system będzie więc produkował nie tylko decyzje, lecz także symbole. Będzie można pokazać troskę o kulturę, zdjęcie ze środowiskiem, komunikat o wrażliwości społecznej i całą tę miękką scenografię państwa, które „dostrzega ludzi sztuki”. A kiedy coś jest tak dobrym symbolem, nie musi nawet działać, żeby politycznie się opłacało. Możliwe weto Zresztą najbardziej cyniczny wariant tego projektu ma wymiar polityczny. Być może ta ustawa wcale nie musi wejść w życie, żeby spełniła swoją funkcję? Może wystarczy jedynie, że rząd ją przyjął i puścił w świat komunikat: „Zobaczcie, pamiętamy o kulturze, troszczymy się o artystów”. Potem projekt przejdzie przez polityczną maszynkę, trafi do prezydenta i niewykluczone, że w obecnym kształcie zostanie zawetowany. Wówczas to rząd powie środowisku artystycznemu: „No przecież chcieliśmy wam pomóc, ale zły prezydent nie podpisał”. Prezydent z kolei powie podatnikom, że obronił ich przed przywilejami dla celebrytów, a artyści powiedzą, że znowu ich wykorzystano. Na końcu wreszcie umowny pan od rysunków na Starówce dalej będzie siedział na mrozie i sprzedawał portrety turystom, tylko przez chwilę wystąpi jako statysta w kampanii politycznej o głosy środowiska w najbliższych wyborach. To jest w tej historii najbardziej przykre, bo pod warstwą absurdów i politycznego teatru tkwi realny problem. Ludzie kultury często żyją źle, ponieważ przez lata korzystano z ich niepewności, pasji i gotowości do pracy za mniej, bo „to przecież sztuka”. Wstydzili się mówić o pieniądzach i byli przekonani, że najlepiej nie wystawiać faktury za zbyt dużą kwotę, bo wtedy traci się autentyczność. Korupcja w samorządach: jak działa system i dlaczego trudno go rozbić Pomoc jest potrzebna, ale nie powinna zaczynać się od państwowego egzaminu z bycia sobą i nie powinna odpalać wojny między umownym emerytem a aktorem. Jeśli państwo naprawdę odkryło, że nieregularna praca niszczy ludziom życie, to świetnie, tylko niech nie udaje, że problem kończy się na kulturze. Jeśli chce pomagać biednym twórcom – niech pomaga, ale niech ma świadomość, że słowo „artysta” w kraju pełnym frustracji i śmiesznie niskich emerytur nie brzmi jak opis prekariatu. Brzmi jak przywilej. Właśnie dlatego ta ustawa jest politycznie tak łatwa do zaatakowania. Jest jednocześnie zbyt techniczna, żeby zwykły człowiek ją spokojnie przeczytał, i zbyt symboliczna, żeby nie wywołała emocji. Wystarczy jedno hasło: „dopłaty dla artystów”, a resztę zrobi wyobraźnia. Polska polityka zna już zresztą moc jednego dopisanego słowa. Kiedyś było to „lub czasopisma”. Teraz może być „dwunastokrotność”. Różnica polega na tym, że „lub czasopisma” pachniało wielkim biznesem, a „dwunastokrotność” pachnie dopiskiem w imię wielkiej wrażliwości społecznej. Jeśli państwo chce rozdawać legitymacje artysty, niech przygotuje się na długą kolejkę, ale z całą powagą majestatu będzie musiało odpowiedzieć na pytanie, które samo sobie wykreowało: „Czy kultura musi mieć zaświadczenie, że jest kulturą?”.",1
"Co się wydarzyło na ,,Premierach” w Opolu? Widzowie nie zostawili suchej nitki Drugi dzień festiwalu w Opolu za nami – i choć na scenie pojawiły się znane nazwiska oraz obiecujące głosy, internet eksplodował falą komentarzy. „Słucham i nie wierzę…” – piszą widzowie. „Premiery” podzieliły fanów muzyki jak mało co. 62. KFPP w Opolu. Doda powróciła do stylu sprzed lat, Bovska odsłoniła brzuch, Patrycja Markowska… Opole 2025: Burza po „Premierach”! „Bełkot”, „dramat”, „porażka” Festiwal w Opolu wystartował z przytupem, a już drugi wieczór wywołał prawdziwą burzę w sieci. Piątkowe „Premiery” przyciągnęły do telewizorów i internetu rzesze fanów, jednak wielu z nich nie kryło rozczarowania poziomem koncertu – zarówno pod względem występów, jak i realizacji. Na scenie wystąpili m.in. Bovska, Dominik Dudek, Patrycja Markowska, Paulla, Mateusz Ziółko czy Ania Iwanek – która ostatecznie wygrała konkurs. Choć widzowie kojarzą ją z 15. edycji „The Voice of Poland” i docenili jej wokal, w komentarzach przeważały skrajne opinie. Doda mknie na próbę 62. KFPP w Opolu! Na scenie wyeksponowała umięśniony brzuch (FOTO) Widzowie zarzucają organizatorom przede wszystkim fatalne nagłośnienie – dźwięk miał być przesterowany, wokale zagłuszane przez instrumenty, a niektórym transmisja wręcz „ścinała się” lub miała problemy z synchronizacją głosu z obrazem. W sieci aż roi się od komentarzy takich jak: - „Nagłośnienie to jest porażka, brak odsłuchu, dramat” - „Jeden bełkot. Perkusja zagłusza tekst” - „Tak drewnianego koncertu jeszcze nie widziałem” - „Fatalny koncert, dramat!” - „Żadna piosenka mnie nie urzekła… bardzo nudne te Premiery” Katarzyna Żak triumfuje w Opolu! „Jest pani zjawiskowa” Widzowie porównują koncert do próbnego występu szkolnego i otwarcie apelują o zmiany w ekipie technicznej TVP. Mimo fali niezadowolenia, w sieci pojawiły się też głosy obrony. Część widzów chwaliła Mateusza Ziółkę, wybór Anny Iwanek i ogólny klimat koncertu: ,,Narzekanie, było super”, „Ziółko pięknie śpiewał”, „Dobrze, że Ania wygrała, taki piękny głos”, „Cały koncert fantastyczny, wieczni malkontenci”, „Mnie się tam podobało, powiew świeżości” A Wy? Jak oceniacie „Premiery” w Opolu 2025? Czy tegoroczny koncert rzeczywiście zasługuje na aż taką krytykę? Co robi ta prostytutka na tym zdjęciu?!! Festiwal schodzi na psy, świadczy o tym ubiór niektórych piosenkarzy jak i ich pełne wulgaryzmów piosenki ( dot. gł. Raperów). W publicznej przestrzeni nie ma na to miejsca! Dramat,fatalne nagłośnienie!!",0
"Tego polskiego miliardera prawie nikt nie zna! Jest kumplem Muska i może trafić do światowej elity Polski miliarder jest bliskim znajomym Elona Muska. Co ciekawe jednak mało, kto o nim słyszał. Ma szansę trafić do trójki najbogatszych Polaków. Miliarderzy rządzą światem Fascynacja współczesnymi miliarderami, takimi jak Elon Musk, Jeff Bezos czy Mark Zuckerberg, wynika z faktu, że ich wpływ wykracza daleko poza sferę czysto finansową. Jako właściciele kluczowych platform technologicznych, firm kosmicznych czy mediów społecznościowych, posiadają realną władzę kształtowania globalnej gospodarki, debaty publicznej oraz kierunków rozwoju technologicznego ludzkości. Społeczeństwo i media śledzą ich działania nie tylko ze względu na spektakularny majątek, ale przede wszystkim z powodu ich roli jako „wizjonerów” wdrażających projekty o skali globalnej, takie jak kolonizacja Marsa czy rozwój sztucznej inteligencji. Z perspektywy socjologicznej i ekonomicznej postacie te budzą skrajne emocje: od podziwu dla ich innowacyjności i przedsiębiorczości, po głęboki krytycyzm dotyczący nierówności społecznych, monopolizacji rynku oraz wpływu jednostek na politykę międzynarodową. Kim jest Łukasz Nosek? Łukasz Nosek to polsko-amerykański przedsiębiorca i inwestor z Doliny Krzemowej, zaliczany do grona najbogatszych Polaków. Pochodzący z Tarnowa biznesmen w dzieciństwie wyemigrował z rodzicami do Stanów Zjednoczonych, gdzie ukończył inżynierię komputerową i szybko rozwinął skrzydła w branży technologicznej. Światowy rozgłos przyniosło mu współzałożenie pod koniec lat 90. firmy Confinity, która po fuzji z X.com przekształciła się w PayPal – rewolucyjną platformę płatniczą, której sukces dał początek tak zwanej „mafii PayPala”, czyli grupie genialnych przedsiębiorców kształtujących dzisiejszy internet. Łukasz Nosek zna się z Elonem Muskiem Relacja Łukasza Noska z Elonem Muskiem opiera się na wieloletnim partnerstwie biznesowym i zaufaniu, które zrodziło się właśnie w czasach budowania PayPala. Polak odegrał kluczową rolę w rozwoju kolejnych wizji Muska – był pierwszym inwestorem instytucjonalnym w SpaceX, dzięki czemu do dziś zasiada w zarządzie tej kosmicznej spółki i pozostaje jednym z jej największych indywidualnych akcjonariuszy. Ich bliska współpraca trwa zresztą do dziś, czego dowodem są m.in. doniesienia o testach nowego systemu płatności X Money, w którego realizację i prowadzenie Nosek ma być zaangażowany u boku amerykańskiego miliardera. zaraz mu konto La i oczyma nie to zostaw. Cha cha chwaszczyno to",0
